,Name,Title
0,"Braund, Mr. Owen Harris",Mr
1,"Cumings, Mrs. John Bradley (Florence Briggs Thayer)",Mrs
2,"Heikkinen, Miss. Laina",Miss
3,"Futrelle, Mrs. Jacques Heath (Lily May Peel)",Mrs
4,"Allen, Mr. William Henry",Mr
5,"Moran, Mr. James",Mr
6,"McCarthy, Mr. Timothy J",Mr
7,"Palsson, Master. Gosta Leonard",Master
8,"Johnson, Mrs. Oscar W (Elisabeth Vilhelmina Berg)",Mrs
9,"Nasser, Mrs. Nicholas (Adele Achem)",Mrs
10,"Sandstrom, Miss. Marguerite Rut",Miss
11,"Bonnell, Miss. Elizabeth",Miss
12,"Saundercock, Mr. William Henry",Mr
13,"Andersson, Mr. Anders Johan",Mr
14,"Vestrom, Miss. Hulda Amanda Adolfina",Miss
15,"Hewlett, Mrs. (Mary D Kingcome) ",Mrs
16,"Rice, Master. Eugene",Master
17,"Williams, Mr. Charles Eugene",Mr
18,"Vander Planke, Mrs. Julius (Emelia Maria Vandemoortele)",Mrs
19,"Masselmani, Mrs. Fatima",Mrs
20,"Fynney, Mr. Joseph J",Mr
21,"Beesley, Mr. Lawrence",Mr
22,"McGowan, Miss. Anna ""Annie""",Miss
23,"Sloper, Mr. William Thompson",Mr
24,"Palsson, Miss. Torborg Danira",Miss
25,"Asplund, Mrs. Carl Oscar (Selma Augusta Emilia Johansson)",Mrs
26,"Emir, Mr. Farred Chehab",Mr
27,"Fortune, Mr. Charles Alexander",Mr
28,"O'Dwyer, Miss. Ellen ""Nellie""",Miss
29,"Todoroff, Mr. Lalio",Mr
30,"Uruchurtu, Don. Manuel E",Don
31,"Spencer, Mrs. William Augustus (Marie Eugenie)",Mrs
32,"Glynn, Miss. Mary Agatha",Miss
33,"Wheadon, Mr. Edward H",Mr
34,"Meyer, Mr. Edgar Joseph",Mr
35,"Holverson, Mr. Alexander Oskar",Mr
36,"Mamee, Mr. Hanna",Mr
37,"Cann, Mr. Ernest Charles",Mr
38,"Vander Planke, Miss. Augusta Maria",Miss
39,"Nicola-Yarred, Miss. Jamila",Miss
40,"Ahlin, Mrs. Johan (Johanna Persdotter Larsson)",Mrs
41,"Turpin, Mrs. William John Robert (Dorothy Ann Wonnacott)",Mrs
42,"Kraeff, Mr. Theodor",Mr
43,"Laroche, Miss. Simonne Marie Anne Andree",Miss
44,"Devaney, Miss. Margaret Delia",Miss
45,"Rogers, Mr. William John",Mr
46,"Lennon, Mr. Denis",Mr
47,"O'Driscoll, Miss. Bridget",Miss
48,"Samaan, Mr. Youssef",Mr
49,"Arnold-Franchi, Mrs. Josef (Josefine Franchi)",Mrs
50,"Panula, Master. Juha Niilo",Master
51,"Nosworthy, Mr. Richard Cater",Mr
52,"Harper, Mrs. Henry Sleeper (Myna Haxtun)",Mrs
53,"Faunthorpe, Mrs. Lizzie (Elizabeth Anne Wilkinson)",Mrs
54,"Ostby, Mr. Engelhart Cornelius",Mr
55,"Woolner, Mr. Hugh",Mr
56,"Rugg, Miss. Emily",Miss
57,"Novel, Mr. Mansouer",Mr
58,"West, Miss. Constance Mirium",Miss
59,"Goodwin, Master. William Frederick",Master
60,"Sirayanian, Mr. Orsen",Mr
61,"Icard, Miss. Amelie",Miss
62,"Harris, Mr. Henry Birkhardt",Mr
63,"Skoog, Master. Harald",Master
64,"Stewart, Mr. Albert A",Mr
65,"Moubarek, Master. Gerios",Master
66,"Nye, Mrs. (Elizabeth Ramell)",Mrs
67,"Crease, Mr. Ernest James",Mr
68,"Andersson, Miss. Erna Alexandra",Miss
69,"Kink, Mr. Vincenz",Mr
70,"Jenkin, Mr. Stephen Curnow",Mr
71,"Goodwin, Miss. Lillian Amy",Miss
72,"Hood, Mr. Ambrose Jr",Mr
73,"Chronopoulos, Mr. Apostolos",Mr
74,"Bing, Mr. Lee",Mr
75,"Moen, Mr. Sigurd Hansen",Mr
76,"Staneff, Mr. Ivan",Mr
77,"Moutal, Mr. Rahamin Haim",Mr
78,"Caldwell, Master. Alden Gates",Master
79,"Dowdell, Miss. Elizabeth",Miss
80,"Waelens, Mr. Achille",Mr
81,"Sheerlinck, Mr. Jan Baptist",Mr
82,"McDermott, Miss. Brigdet Delia",Miss
83,"Carrau, Mr. Francisco M",Mr
84,"Ilett, Miss. Bertha",Miss
85,"Backstrom, Mrs. Karl Alfred (Maria Mathilda Gustafsson)",Mrs
86,"Ford, Mr. William Neal",Mr
87,"Slocovski, Mr. Selman Francis",Mr
88,"Fortune, Miss. Mabel Helen",Miss
89,"Celotti, Mr. Francesco",Mr
90,"Christmann, Mr. Emil",Mr
91,"Andreasson, Mr. Paul Edvin",Mr
92,"Chaffee, Mr. Herbert Fuller",Mr
93,"Dean, Mr. Bertram Frank",Mr
94,"Coxon, Mr. Daniel",Mr
95,"Shorney, Mr. Charles Joseph",Mr
96,"Goldschmidt, Mr. George B",Mr
97,"Greenfield, Mr. William Bertram",Mr
98,"Doling, Mrs. John T (Ada Julia Bone)",Mrs
99,"Kantor, Mr. Sinai",Mr
100,"Petranec, Miss. Matilda",Miss
101,"Petroff, Mr. Pastcho (""Pentcho"")",Mr
102,"White, Mr. Richard Frasar",Mr
103,"Johansson, Mr. Gustaf Joel",Mr
104,"Gustafsson, Mr. Anders Vilhelm",Mr
105,"Mionoff, Mr. Stoytcho",Mr
106,"Salkjelsvik, Miss. Anna Kristine",Miss
107,"Moss, Mr. Albert Johan",Mr
108,"Rekic, Mr. Tido",Mr
109,"Moran, Miss. Bertha",Miss
110,"Porter, Mr. Walter Chamberlain",Mr
111,"Zabour, Miss. Hileni",Miss
112,"Barton, Mr. David John",Mr
113,"Jussila, Miss. Katriina",Miss
114,"Attalah, Miss. Malake",Miss
115,"Pekoniemi, Mr. Edvard",Mr
116,"Connors, Mr. Patrick",Mr
117,"Turpin, Mr. William John Robert",Mr
118,"Baxter, Mr. Quigg Edmond",Mr
119,"Andersson, Miss. Ellis Anna Maria",Miss
120,"Hickman, Mr. Stanley George",Mr
121,"Moore, Mr. Leonard Charles",Mr
122,"Nasser, Mr. Nicholas",Mr
123,"Webber, Miss. Susan",Miss
124,"White, Mr. Percival Wayland",Mr
125,"Nicola-Yarred, Master. Elias",Master
126,"McMahon, Mr. Martin",Mr
127,"Madsen, Mr. Fridtjof Arne",Mr
128,"Peter, Miss. Anna",Miss
129,"Ekstrom, Mr. Johan",Mr
130,"Drazenoic, Mr. Jozef",Mr
131,"Coelho, Mr. Domingos Fernandeo",Mr
132,"Robins, Mrs. Alexander A (Grace Charity Laury)",Mrs
133,"Weisz, Mrs. Leopold (Mathilde Francoise Pede)",Mrs
134,"Sobey, Mr. Samuel James Hayden",Mr
135,"Richard, Mr. Emile",Mr
136,"Newsom, Miss. Helen Monypeny",Miss
137,"Futrelle, Mr. Jacques Heath",Mr
138,"Osen, Mr. Olaf Elon",Mr
139,"Giglio, Mr. Victor",Mr
140,"Boulos, Mrs. Joseph (Sultana)",Mrs
141,"Nysten, Miss. Anna Sofia",Miss
142,"Hakkarainen, Mrs. Pekka Pietari (Elin Matilda Dolck)",Mrs
143,"Burke, Mr. Jeremiah",Mr
144,"Andrew, Mr. Edgardo Samuel",Mr
145,"Nicholls, Mr. Joseph Charles",Mr
146,"Andersson, Mr. August Edvard (""Wennerstrom"")",Mr
147,"Ford, Miss. Robina Maggie ""Ruby""",Miss
148,"Navratil, Mr. Michel (""Louis M Hoffman"")",Mr
149,"Byles, Rev. Thomas Roussel Davids",Rev
150,"Bateman, Rev. Robert James",Rev
151,"Pears, Mrs. Thomas (Edith Wearne)",Mrs
152,"Meo, Mr. Alfonzo",Mr
153,"van Billiard, Mr. Austin Blyler",Mr
154,"Olsen, Mr. Ole Martin",Mr
155,"Williams, Mr. Charles Duane",Mr
156,"Gilnagh, Miss. Katherine ""Katie""",Miss
157,"Corn, Mr. Harry",Mr
158,"Smiljanic, Mr. Mile",Mr
159,"Sage, Master. Thomas Henry",Master
160,"Cribb, Mr. John Hatfield",Mr
161,"Watt, Mrs. James (Elizabeth ""Bessie"" Inglis Milne)",Mrs
162,"Bengtsson, Mr. John Viktor",Mr
163,"Calic, Mr. Jovo",Mr
164,"Panula, Master. Eino Viljami",Master
165,"Goldsmith, Master. Frank John William ""Frankie""",Master
166,"Chibnall, Mrs. (Edith Martha Bowerman)",Mrs
167,"Skoog, Mrs. William (Anna Bernhardina Karlsson)",Mrs
168,"Baumann, Mr. John D",Mr
169,"Ling, Mr. Lee",Mr
170,"Van der hoef, Mr. Wyckoff",Mr
171,"Rice, Master. Arthur",Master
172,"Johnson, Miss. Eleanor Ileen",Miss
173,"Sivola, Mr. Antti Wilhelm",Mr
174,"Smith, Mr. James Clinch",Mr
175,"Klasen, Mr. Klas Albin",Mr
176,"Lefebre, Master. Henry Forbes",Master
177,"Isham, Miss. Ann Elizabeth",Miss
178,"Hale, Mr. Reginald",Mr
179,"Leonard, Mr. Lionel",Mr
180,"Sage, Miss. Constance Gladys",Miss
181,"Pernot, Mr. Rene",Mr
182,"Asplund, Master. Clarence Gustaf Hugo",Master
183,"Becker, Master. Richard F",Master
184,"Kink-Heilmann, Miss. Luise Gretchen",Miss
185,"Rood, Mr. Hugh Roscoe",Mr
186,"O'Brien, Mrs. Thomas (Johanna ""Hannah"" Godfrey)",Mrs
187,"Romaine, Mr. Charles Hallace (""Mr C Rolmane"")",Mr
188,"Bourke, Mr. John",Mr
189,"Turcin, Mr. Stjepan",Mr
190,"Pinsky, Mrs. (Rosa)",Mrs
191,"Carbines, Mr. William",Mr
192,"Andersen-Jensen, Miss. Carla Christine Nielsine",Miss
193,"Navratil, Master. Michel M",Master
194,"Brown, Mrs. James Joseph (Margaret Tobin)",Mrs
195,"Lurette, Miss. Elise",Miss
196,"Mernagh, Mr. Robert",Mr
197,"Olsen, Mr. Karl Siegwart Andreas",Mr
198,"Madigan, Miss. Margaret ""Maggie""",Miss
199,"Yrois, Miss. Henriette (""Mrs Harbeck"")",Miss
200,"Vande Walle, Mr. Nestor Cyriel",Mr
201,"Sage, Mr. Frederick",Mr
202,"Johanson, Mr. Jakob Alfred",Mr
203,"Youseff, Mr. Gerious",Mr
204,"Cohen, Mr. Gurshon ""Gus""",Mr
205,"Strom, Miss. Telma Matilda",Miss
206,"Backstrom, Mr. Karl Alfred",Mr
207,"Albimona, Mr. Nassef Cassem",Mr
208,"Carr, Miss. Helen ""Ellen""",Miss
209,"Blank, Mr. Henry",Mr
210,"Ali, Mr. Ahmed",Mr
211,"Cameron, Miss. Clear Annie",Miss
212,"Perkin, Mr. John Henry",Mr
213,"Givard, Mr. Hans Kristensen",Mr
214,"Kiernan, Mr. Philip",Mr
215,"Newell, Miss. Madeleine",Miss
216,"Honkanen, Miss. Eliina",Miss
217,"Jacobsohn, Mr. Sidney Samuel",Mr
218,"Bazzani, Miss. Albina",Miss
219,"Harris, Mr. Walter",Mr
220,"Sunderland, Mr. Victor Francis",Mr
221,"Bracken, Mr. James H",Mr
222,"Green, Mr. George Henry",Mr
223,"Nenkoff, Mr. Christo",Mr
224,"Hoyt, Mr. Frederick Maxfield",Mr
225,"Berglund, Mr. Karl Ivar Sven",Mr
226,"Mellors, Mr. William John",Mr
227,"Lovell, Mr. John Hall (""Henry"")",Mr
228,"Fahlstrom, Mr. Arne Jonas",Mr
229,"Lefebre, Miss. Mathilde",Miss
230,"Harris, Mrs. Henry Birkhardt (Irene Wallach)",Mrs
231,"Larsson, Mr. Bengt Edvin",Mr
232,"Sjostedt, Mr. Ernst Adolf",Mr
233,"Asplund, Miss. Lillian Gertrud",Miss
234,"Leyson, Mr. Robert William Norman",Mr
235,"Harknett, Miss. Alice Phoebe",Miss
236,"Hold, Mr. Stephen",Mr
237,"Collyer, Miss. Marjorie ""Lottie""",Miss
238,"Pengelly, Mr. Frederick William",Mr
239,"Hunt, Mr. George Henry",Mr
240,"Zabour, Miss. Thamine",Miss
241,"Murphy, Miss. Katherine ""Kate""",Miss
242,"Coleridge, Mr. Reginald Charles",Mr
243,"Maenpaa, Mr. Matti Alexanteri",Mr
244,"Attalah, Mr. Sleiman",Mr
245,"Minahan, Dr. William Edward",Dr
246,"Lindahl, Miss. Agda Thorilda Viktoria",Miss
247,"Hamalainen, Mrs. William (Anna)",Mrs
248,"Beckwith, Mr. Richard Leonard",Mr
249,"Carter, Rev. Ernest Courtenay",Rev
250,"Reed, Mr. James George",Mr
251,"Strom, Mrs. Wilhelm (Elna Matilda Persson)",Mrs
252,"Stead, Mr. William Thomas",Mr
253,"Lobb, Mr. William Arthur",Mr
254,"Rosblom, Mrs. Viktor (Helena Wilhelmina)",Mrs
255,"Touma, Mrs. Darwis (Hanne Youssef Razi)",Mrs
256,"Thorne, Mrs. Gertrude Maybelle",Mrs
257,"Cherry, Miss. Gladys",Miss
258,"Ward, Miss. Anna",Miss
259,"Parrish, Mrs. (Lutie Davis)",Mrs
260,"Smith, Mr. Thomas",Mr
261,"Asplund, Master. Edvin Rojj Felix",Master
262,"Taussig, Mr. Emil",Mr
263,"Harrison, Mr. William",Mr
264,"Henry, Miss. Delia",Miss
265,"Reeves, Mr. David",Mr
266,"Panula, Mr. Ernesti Arvid",Mr
267,"Persson, Mr. Ernst Ulrik",Mr
268,"Graham, Mrs. William Thompson (Edith Junkins)",Mrs
269,"Bissette, Miss. Amelia",Miss
270,"Cairns, Mr. Alexander",Mr
271,"Tornquist, Mr. William Henry",Mr
272,"Mellinger, Mrs. (Elizabeth Anne Maidment)",Mrs
273,"Natsch, Mr. Charles H",Mr
274,"Healy, Miss. Hanora ""Nora""",Miss
275,"Andrews, Miss. Kornelia Theodosia",Miss
276,"Lindblom, Miss. Augusta Charlotta",Miss
277,"Parkes, Mr. Francis ""Frank""",Mr
278,"Rice, Master. Eric",Master
279,"Abbott, Mrs. Stanton (Rosa Hunt)",Mrs
280,"Duane, Mr. Frank",Mr
281,"Olsson, Mr. Nils Johan Goransson",Mr
282,"de Pelsmaeker, Mr. Alfons",Mr
283,"Dorking, Mr. Edward Arthur",Mr
284,"Smith, Mr. Richard William",Mr
285,"Stankovic, Mr. Ivan",Mr
286,"de Mulder, Mr. Theodore",Mr
287,"Naidenoff, Mr. Penko",Mr
288,"Hosono, Mr. Masabumi",Mr
289,"Connolly, Miss. Kate",Miss
290,"Barber, Miss. Ellen ""Nellie""",Miss
291,"Bishop, Mrs. Dickinson H (Helen Walton)",Mrs
292,"Levy, Mr. Rene Jacques",Mr
293,"Haas, Miss. Aloisia",Miss
294,"Mineff, Mr. Ivan",Mr
295,"Lewy, Mr. Ervin G",Mr
296,"Hanna, Mr. Mansour",Mr
297,"Allison, Miss. Helen Loraine",Miss
298,"Saalfeld, Mr. Adolphe",Mr
299,"Baxter, Mrs. James (Helene DeLaudeniere Chaput)",Mrs
300,"Kelly, Miss. Anna Katherine ""Annie Kate""",Miss
301,"McCoy, Mr. Bernard",Mr
302,"Johnson, Mr. William Cahoone Jr",Mr
303,"Keane, Miss. Nora A",Miss
304,"Williams, Mr. Howard Hugh ""Harry""",Mr
305,"Allison, Master. Hudson Trevor",Master
306,"Fleming, Miss. Margaret",Miss
307,"Penasco y Castellana, Mrs. Victor de Satode (Maria Josefa Perez de Soto y Vallejo)",Mrs
308,"Abelson, Mr. Samuel",Mr
309,"Francatelli, Miss. Laura Mabel",Miss
310,"Hays, Miss. Margaret Bechstein",Miss
311,"Ryerson, Miss. Emily Borie",Miss
312,"Lahtinen, Mrs. William (Anna Sylfven)",Mrs
313,"Hendekovic, Mr. Ignjac",Mr
314,"Hart, Mr. Benjamin",Mr
315,"Nilsson, Miss. Helmina Josefina",Miss
316,"Kantor, Mrs. Sinai (Miriam Sternin)",Mrs
317,"Moraweck, Dr. Ernest",Dr
318,"Wick, Miss. Mary Natalie",Miss
319,"Spedden, Mrs. Frederic Oakley (Margaretta Corning Stone)",Mrs
320,"Dennis, Mr. Samuel",Mr
321,"Danoff, Mr. Yoto",Mr
322,"Slayter, Miss. Hilda Mary",Miss
323,"Caldwell, Mrs. Albert Francis (Sylvia Mae Harbaugh)",Mrs
324,"Sage, Mr. George John Jr",Mr
325,"Young, Miss. Marie Grice",Miss
326,"Nysveen, Mr. Johan Hansen",Mr
327,"Ball, Mrs. (Ada E Hall)",Mrs
328,"Goldsmith, Mrs. Frank John (Emily Alice Brown)",Mrs
329,"Hippach, Miss. Jean Gertrude",Miss
330,"McCoy, Miss. Agnes",Miss
331,"Partner, Mr. Austen",Mr
332,"Graham, Mr. George Edward",Mr
333,"Vander Planke, Mr. Leo Edmondus",Mr
334,"Frauenthal, Mrs. Henry William (Clara Heinsheimer)",Mrs
335,"Denkoff, Mr. Mitto",Mr
336,"Pears, Mr. Thomas Clinton",Mr
337,"Burns, Miss. Elizabeth Margaret",Miss
338,"Dahl, Mr. Karl Edwart",Mr
339,"Blackwell, Mr. Stephen Weart",Mr
340,"Navratil, Master. Edmond Roger",Master
341,"Fortune, Miss. Alice Elizabeth",Miss
342,"Collander, Mr. Erik Gustaf",Mr
343,"Sedgwick, Mr. Charles Frederick Waddington",Mr
344,"Fox, Mr. Stanley Hubert",Mr
345,"Brown, Miss. Amelia ""Mildred""",Miss
346,"Smith, Miss. Marion Elsie",Miss
347,"Davison, Mrs. Thomas Henry (Mary E Finck)",Mrs
348,"Coutts, Master. William Loch ""William""",Master
349,"Dimic, Mr. Jovan",Mr
350,"Odahl, Mr. Nils Martin",Mr
351,"Williams-Lambert, Mr. Fletcher Fellows",Mr
352,"Elias, Mr. Tannous",Mr
353,"Arnold-Franchi, Mr. Josef",Mr
354,"Yousif, Mr. Wazli",Mr
355,"Vanden Steen, Mr. Leo Peter",Mr
356,"Bowerman, Miss. Elsie Edith",Miss
357,"Funk, Miss. Annie Clemmer",Miss
358,"McGovern, Miss. Mary",Miss
359,"Mockler, Miss. Helen Mary ""Ellie""",Miss
360,"Skoog, Mr. Wilhelm",Mr
361,"del Carlo, Mr. Sebastiano",Mr
362,"Barbara, Mrs. (Catherine David)",Mrs
363,"Asim, Mr. Adola",Mr
364,"O'Brien, Mr. Thomas",Mr
365,"Adahl, Mr. Mauritz Nils Martin",Mr
366,"Warren, Mrs. Frank Manley (Anna Sophia Atkinson)",Mrs
367,"Moussa, Mrs. (Mantoura Boulos)",Mrs
368,"Jermyn, Miss. Annie",Miss
369,"Aubart, Mme. Leontine Pauline",Mme
370,"Harder, Mr. George Achilles",Mr
371,"Wiklund, Mr. Jakob Alfred",Mr
372,"Beavan, Mr. William Thomas",Mr
373,"Ringhini, Mr. Sante",Mr
374,"Palsson, Miss. Stina Viola",Miss
375,"Meyer, Mrs. Edgar Joseph (Leila Saks)",Mrs
376,"Landergren, Miss. Aurora Adelia",Miss
377,"Widener, Mr. Harry Elkins",Mr
378,"Betros, Mr. Tannous",Mr
379,"Gustafsson, Mr. Karl Gideon",Mr
380,"Bidois, Miss. Rosalie",Miss
381,"Nakid, Miss. Maria (""Mary"")",Miss
382,"Tikkanen, Mr. Juho",Mr
383,"Holverson, Mrs. Alexander Oskar (Mary Aline Towner)",Mrs
384,"Plotcharsky, Mr. Vasil",Mr
385,"Davies, Mr. Charles Henry",Mr
386,"Goodwin, Master. Sidney Leonard",Master
387,"Buss, Miss. Kate",Miss
388,"Sadlier, Mr. Matthew",Mr
389,"Lehmann, Miss. Bertha",Miss
390,"Carter, Mr. William Ernest",Mr
391,"Jansson, Mr. Carl Olof",Mr
392,"Gustafsson, Mr. Johan Birger",Mr
393,"Newell, Miss. Marjorie",Miss
394,"Sandstrom, Mrs. Hjalmar (Agnes Charlotta Bengtsson)",Mrs
395,"Johansson, Mr. Erik",Mr
396,"Olsson, Miss. Elina",Miss
397,"McKane, Mr. Peter David",Mr
398,"Pain, Dr. Alfred",Dr
399,"Trout, Mrs. William H (Jessie L)",Mrs
400,"Niskanen, Mr. Juha",Mr
401,"Adams, Mr. John",Mr
402,"Jussila, Miss. Mari Aina",Miss
403,"Hakkarainen, Mr. Pekka Pietari",Mr
404,"Oreskovic, Miss. Marija",Miss
405,"Gale, Mr. Shadrach",Mr
406,"Widegren, Mr. Carl/Charles Peter",Mr
407,"Richards, Master. William Rowe",Master
408,"Birkeland, Mr. Hans Martin Monsen",Mr
409,"Lefebre, Miss. Ida",Miss
410,"Sdycoff, Mr. Todor",Mr
411,"Hart, Mr. Henry",Mr
412,"Minahan, Miss. Daisy E",Miss
413,"Cunningham, Mr. Alfred Fleming",Mr
414,"Sundman, Mr. Johan Julian",Mr
415,"Meek, Mrs. Thomas (Annie Louise Rowley)",Mrs
416,"Drew, Mrs. James Vivian (Lulu Thorne Christian)",Mrs
417,"Silven, Miss. Lyyli Karoliina",Miss
418,"Matthews, Mr. William John",Mr
419,"Van Impe, Miss. Catharina",Miss
420,"Gheorgheff, Mr. Stanio",Mr
421,"Charters, Mr. David",Mr
422,"Zimmerman, Mr. Leo",Mr
423,"Danbom, Mrs. Ernst Gilbert (Anna Sigrid Maria Brogren)",Mrs
424,"Rosblom, Mr. Viktor Richard",Mr
425,"Wiseman, Mr. Phillippe",Mr
426,"Clarke, Mrs. Charles V (Ada Maria Winfield)",Mrs
427,"Phillips, Miss. Kate Florence (""Mrs Kate Louise Phillips Marshall"")",Miss
428,"Flynn, Mr. James",Mr
429,"Pickard, Mr. Berk (Berk Trembisky)",Mr
430,"Bjornstrom-Steffansson, Mr. Mauritz Hakan",Mr
431,"Thorneycroft, Mrs. Percival (Florence Kate White)",Mrs
432,"Louch, Mrs. Charles Alexander (Alice Adelaide Slow)",Mrs
433,"Kallio, Mr. Nikolai Erland",Mr
434,"Silvey, Mr. William Baird",Mr
435,"Carter, Miss. Lucile Polk",Miss
436,"Ford, Miss. Doolina Margaret ""Daisy""",Miss
437,"Richards, Mrs. Sidney (Emily Hocking)",Mrs
438,"Fortune, Mr. Mark",Mr
439,"Kvillner, Mr. Johan Henrik Johannesson",Mr
440,"Hart, Mrs. Benjamin (Esther Ada Bloomfield)",Mrs
441,"Hampe, Mr. Leon",Mr
442,"Petterson, Mr. Johan Emil",Mr
443,"Reynaldo, Ms. Encarnacion",Ms
444,"Johannesen-Bratthammer, Mr. Bernt",Mr
445,"Dodge, Master. Washington",Master
446,"Mellinger, Miss. Madeleine Violet",Miss
447,"Seward, Mr. Frederic Kimber",Mr
448,"Baclini, Miss. Marie Catherine",Miss
449,"Peuchen, Major. Arthur Godfrey",Major
450,"West, Mr. Edwy Arthur",Mr
451,"Hagland, Mr. Ingvald Olai Olsen",Mr
452,"Foreman, Mr. Benjamin Laventall",Mr
453,"Goldenberg, Mr. Samuel L",Mr
454,"Peduzzi, Mr. Joseph",Mr
455,"Jalsevac, Mr. Ivan",Mr
456,"Millet, Mr. Francis Davis",Mr
457,"Kenyon, Mrs. Frederick R (Marion)",Mrs
458,"Toomey, Miss. Ellen",Miss
459,"O'Connor, Mr. Maurice",Mr
460,"Anderson, Mr. Harry",Mr
461,"Morley, Mr. William",Mr
462,"Gee, Mr. Arthur H",Mr
463,"Milling, Mr. Jacob Christian",Mr
464,"Maisner, Mr. Simon",Mr
465,"Goncalves, Mr. Manuel Estanslas",Mr
466,"Campbell, Mr. William",Mr
467,"Smart, Mr. John Montgomery",Mr
468,"Scanlan, Mr. James",Mr
469,"Baclini, Miss. Helene Barbara",Miss
470,"Keefe, Mr. Arthur",Mr
471,"Cacic, Mr. Luka",Mr
472,"West, Mrs. Edwy Arthur (Ada Mary Worth)",Mrs
473,"Jerwan, Mrs. Amin S (Marie Marthe Thuillard)",Mrs
474,"Strandberg, Miss. Ida Sofia",Miss
475,"Clifford, Mr. George Quincy",Mr
476,"Renouf, Mr. Peter Henry",Mr
477,"Braund, Mr. Lewis Richard",Mr
478,"Karlsson, Mr. Nils August",Mr
479,"Hirvonen, Miss. Hildur E",Miss
480,"Goodwin, Master. Harold Victor",Master
481,"Frost, Mr. Anthony Wood ""Archie""",Mr
482,"Rouse, Mr. Richard Henry",Mr
483,"Turkula, Mrs. (Hedwig)",Mrs
484,"Bishop, Mr. Dickinson H",Mr
485,"Lefebre, Miss. Jeannie",Miss
486,"Hoyt, Mrs. Frederick Maxfield (Jane Anne Forby)",Mrs
487,"Kent, Mr. Edward Austin",Mr
488,"Somerton, Mr. Francis William",Mr
489,"Coutts, Master. Eden Leslie ""Neville""",Master
490,"Hagland, Mr. Konrad Mathias Reiersen",Mr
491,"Windelov, Mr. Einar",Mr
492,"Molson, Mr. Harry Markland",Mr
493,"Artagaveytia, Mr. Ramon",Mr
494,"Stanley, Mr. Edward Roland",Mr
495,"Yousseff, Mr. Gerious",Mr
496,"Eustis, Miss. Elizabeth Mussey",Miss
497,"Shellard, Mr. Frederick William",Mr
498,"Allison, Mrs. Hudson J C (Bessie Waldo Daniels)",Mrs
499,"Svensson, Mr. Olof",Mr
500,"Calic, Mr. Petar",Mr
501,"Canavan, Miss. Mary",Miss
502,"O'Sullivan, Miss. Bridget Mary",Miss
503,"Laitinen, Miss. Kristina Sofia",Miss
504,"Maioni, Miss. Roberta",Miss
505,"Penasco y Castellana, Mr. Victor de Satode",Mr
506,"Quick, Mrs. Frederick Charles (Jane Richards)",Mrs
507,"Bradley, Mr. George (""George Arthur Brayton"")",Mr
508,"Olsen, Mr. Henry Margido",Mr
509,"Lang, Mr. Fang",Mr
510,"Daly, Mr. Eugene Patrick",Mr
511,"Webber, Mr. James",Mr
512,"McGough, Mr. James Robert",Mr
513,"Rothschild, Mrs. Martin (Elizabeth L. Barrett)",Mrs
514,"Coleff, Mr. Satio",Mr
515,"Walker, Mr. William Anderson",Mr
516,"Lemore, Mrs. (Amelia Milley)",Mrs
517,"Ryan, Mr. Patrick",Mr
518,"Angle, Mrs. William A (Florence ""Mary"" Agnes Hughes)",Mrs
519,"Pavlovic, Mr. Stefo",Mr
520,"Perreault, Miss. Anne",Miss
521,"Vovk, Mr. Janko",Mr
522,"Lahoud, Mr. Sarkis",Mr
523,"Hippach, Mrs. Louis Albert (Ida Sophia Fischer)",Mrs
524,"Kassem, Mr. Fared",Mr
525,"Farrell, Mr. James",Mr
526,"Ridsdale, Miss. Lucy",Miss
527,"Farthing, Mr. John",Mr
528,"Salonen, Mr. Johan Werner",Mr
529,"Hocking, Mr. Richard George",Mr
530,"Quick, Miss. Phyllis May",Miss
531,"Toufik, Mr. Nakli",Mr
532,"Elias, Mr. Joseph Jr",Mr
533,"Peter, Mrs. Catherine (Catherine Rizk)",Mrs
534,"Cacic, Miss. Marija",Miss
535,"Hart, Miss. Eva Miriam",Miss
536,"Butt, Major. Archibald Willingham",Major
537,"LeRoy, Miss. Bertha",Miss
538,"Risien, Mr. Samuel Beard",Mr
539,"Frolicher, Miss. Hedwig Margaritha",Miss
540,"Crosby, Miss. Harriet R",Miss
541,"Andersson, Miss. Ingeborg Constanzia",Miss
542,"Andersson, Miss. Sigrid Elisabeth",Miss
543,"Beane, Mr. Edward",Mr
544,"Douglas, Mr. Walter Donald",Mr
545,"Nicholson, Mr. Arthur Ernest",Mr
546,"Beane, Mrs. Edward (Ethel Clarke)",Mrs
547,"Padro y Manent, Mr. Julian",Mr
548,"Goldsmith, Mr. Frank John",Mr
549,"Davies, Master. John Morgan Jr",Master
550,"Thayer, Mr. John Borland Jr",Mr
551,"Sharp, Mr. Percival James R",Mr
552,"O'Brien, Mr. Timothy",Mr
553,"Leeni, Mr. Fahim (""Philip Zenni"")",Mr
554,"Ohman, Miss. Velin",Miss
555,"Wright, Mr. George",Mr
556,"Duff Gordon, Lady. (Lucille Christiana Sutherland) (""Mrs Morgan"")",Lady
557,"Robbins, Mr. Victor",Mr
558,"Taussig, Mrs. Emil (Tillie Mandelbaum)",Mrs
559,"de Messemaeker, Mrs. Guillaume Joseph (Emma)",Mrs
560,"Morrow, Mr. Thomas Rowan",Mr
561,"Sivic, Mr. Husein",Mr
562,"Norman, Mr. Robert Douglas",Mr
563,"Simmons, Mr. John",Mr
564,"Meanwell, Miss. (Marion Ogden)",Miss
565,"Davies, Mr. Alfred J",Mr
566,"Stoytcheff, Mr. Ilia",Mr
567,"Palsson, Mrs. Nils (Alma Cornelia Berglund)",Mrs
568,"Doharr, Mr. Tannous",Mr
569,"Jonsson, Mr. Carl",Mr
570,"Harris, Mr. George",Mr
571,"Appleton, Mrs. Edward Dale (Charlotte Lamson)",Mrs
572,"Flynn, Mr. John Irwin (""Irving"")",Mr
573,"Kelly, Miss. Mary",Miss
574,"Rush, Mr. Alfred George John",Mr
575,"Patchett, Mr. George",Mr
576,"Garside, Miss. Ethel",Miss
577,"Silvey, Mrs. William Baird (Alice Munger)",Mrs
578,"Caram, Mrs. Joseph (Maria Elias)",Mrs
579,"Jussila, Mr. Eiriik",Mr
580,"Christy, Miss. Julie Rachel",Miss
581,"Thayer, Mrs. John Borland (Marian Longstreth Morris)",Mrs
582,"Downton, Mr. William James",Mr
583,"Ross, Mr. John Hugo",Mr
584,"Paulner, Mr. Uscher",Mr
585,"Taussig, Miss. Ruth",Miss
586,"Jarvis, Mr. John Denzil",Mr
587,"Frolicher-Stehli, Mr. Maxmillian",Mr
588,"Gilinski, Mr. Eliezer",Mr
589,"Murdlin, Mr. Joseph",Mr
590,"Rintamaki, Mr. Matti",Mr
591,"Stephenson, Mrs. Walter Bertram (Martha Eustis)",Mrs
592,"Elsbury, Mr. William James",Mr
593,"Bourke, Miss. Mary",Miss
594,"Chapman, Mr. John Henry",Mr
595,"Van Impe, Mr. Jean Baptiste",Mr
596,"Leitch, Miss. Jessie Wills",Miss
597,"Johnson, Mr. Alfred",Mr
598,"Boulos, Mr. Hanna",Mr
599,"Duff Gordon, Sir. Cosmo Edmund (""Mr Morgan"")",Sir
600,"Jacobsohn, Mrs. Sidney Samuel (Amy Frances Christy)",Mrs
601,"Slabenoff, Mr. Petco",Mr
602,"Harrington, Mr. Charles H",Mr
603,"Torber, Mr. Ernst William",Mr
604,"Homer, Mr. Harry (""Mr E Haven"")",Mr
605,"Lindell, Mr. Edvard Bengtsson",Mr
606,"Karaic, Mr. Milan",Mr
607,"Daniel, Mr. Robert Williams",Mr
608,"Laroche, Mrs. Joseph (Juliette Marie Louise Lafargue)",Mrs
609,"Shutes, Miss. Elizabeth W",Miss
610,"Andersson, Mrs. Anders Johan (Alfrida Konstantia Brogren)",Mrs
611,"Jardin, Mr. Jose Neto",Mr
612,"Murphy, Miss. Margaret Jane",Miss
613,"Horgan, Mr. John",Mr
614,"Brocklebank, Mr. William Alfred",Mr
615,"Herman, Miss. Alice",Miss
616,"Danbom, Mr. Ernst Gilbert",Mr
617,"Lobb, Mrs. William Arthur (Cordelia K Stanlick)",Mrs
618,"Becker, Miss. Marion Louise",Miss
619,"Gavey, Mr. Lawrence",Mr
620,"Yasbeck, Mr. Antoni",Mr
621,"Kimball, Mr. Edwin Nelson Jr",Mr
622,"Nakid, Mr. Sahid",Mr
623,"Hansen, Mr. Henry Damsgaard",Mr
624,"Bowen, Mr. David John ""Dai""",Mr
625,"Sutton, Mr. Frederick",Mr
626,"Kirkland, Rev. Charles Leonard",Rev
627,"Longley, Miss. Gretchen Fiske",Miss
628,"Bostandyeff, Mr. Guentcho",Mr
629,"O'Connell, Mr. Patrick D",Mr
630,"Barkworth, Mr. Algernon Henry Wilson",Mr
631,"Lundahl, Mr. Johan Svensson",Mr
632,"Stahelin-Maeglin, Dr. Max",Dr
633,"Parr, Mr. William Henry Marsh",Mr
634,"Skoog, Miss. Mabel",Miss
635,"Davis, Miss. Mary",Miss
636,"Leinonen, Mr. Antti Gustaf",Mr
637,"Collyer, Mr. Harvey",Mr
638,"Panula, Mrs. Juha (Maria Emilia Ojala)",Mrs
639,"Thorneycroft, Mr. Percival",Mr
640,"Jensen, Mr. Hans Peder",Mr
641,"Sagesser, Mlle. Emma",Mlle
642,"Skoog, Miss. Margit Elizabeth",Miss
643,"Foo, Mr. Choong",Mr
644,"Baclini, Miss. Eugenie",Miss
645,"Harper, Mr. Henry Sleeper",Mr
646,"Cor, Mr. Liudevit",Mr
647,"Simonius-Blumer, Col. Oberst Alfons",Col
648,"Willey, Mr. Edward",Mr
649,"Stanley, Miss. Amy Zillah Elsie",Miss
650,"Mitkoff, Mr. Mito",Mr
651,"Doling, Miss. Elsie",Miss
652,"Kalvik, Mr. Johannes Halvorsen",Mr
653,"O'Leary, Miss. Hanora ""Norah""",Miss
654,"Hegarty, Miss. Hanora ""Nora""",Miss
655,"Hickman, Mr. Leonard Mark",Mr
656,"Radeff, Mr. Alexander",Mr
657,"Bourke, Mrs. John (Catherine)",Mrs
658,"Eitemiller, Mr. George Floyd",Mr
659,"Newell, Mr. Arthur Webster",Mr
660,"Frauenthal, Dr. Henry William",Dr
661,"Badt, Mr. Mohamed",Mr
662,"Colley, Mr. Edward Pomeroy",Mr
663,"Coleff, Mr. Peju",Mr
664,"Lindqvist, Mr. Eino William",Mr
665,"Hickman, Mr. Lewis",Mr
666,"Butler, Mr. Reginald Fenton",Mr
667,"Rommetvedt, Mr. Knud Paust",Mr
668,"Cook, Mr. Jacob",Mr
669,"Taylor, Mrs. Elmer Zebley (Juliet Cummins Wright)",Mrs
670,"Brown, Mrs. Thomas William Solomon (Elizabeth Catherine Ford)",Mrs
671,"Davidson, Mr. Thornton",Mr
672,"Mitchell, Mr. Henry Michael",Mr
673,"Wilhelms, Mr. Charles",Mr
674,"Watson, Mr. Ennis Hastings",Mr
675,"Edvardsson, Mr. Gustaf Hjalmar",Mr
676,"Sawyer, Mr. Frederick Charles",Mr
677,"Turja, Miss. Anna Sofia",Miss
678,"Goodwin, Mrs. Frederick (Augusta Tyler)",Mrs
679,"Cardeza, Mr. Thomas Drake Martinez",Mr
680,"Peters, Miss. Katie",Miss
681,"Hassab, Mr. Hammad",Mr
682,"Olsvigen, Mr. Thor Anderson",Mr
683,"Goodwin, Mr. Charles Edward",Mr
684,"Brown, Mr. Thomas William Solomon",Mr
685,"Laroche, Mr. Joseph Philippe Lemercier",Mr
686,"Panula, Mr. Jaako Arnold",Mr
687,"Dakic, Mr. Branko",Mr
688,"Fischer, Mr. Eberhard Thelander",Mr
689,"Madill, Miss. Georgette Alexandra",Miss
690,"Dick, Mr. Albert Adrian",Mr
691,"Karun, Miss. Manca",Miss
692,"Lam, Mr. Ali",Mr
693,"Saad, Mr. Khalil",Mr
694,"Weir, Col. John",Col
695,"Chapman, Mr. Charles Henry",Mr
696,"Kelly, Mr. James",Mr
697,"Mullens, Miss. Katherine ""Katie""",Miss
698,"Thayer, Mr. John Borland",Mr
699,"Humblen, Mr. Adolf Mathias Nicolai Olsen",Mr
700,"Astor, Mrs. John Jacob (Madeleine Talmadge Force)",Mrs
701,"Silverthorne, Mr. Spencer Victor",Mr
702,"Barbara, Miss. Saiide",Miss
703,"Gallagher, Mr. Martin",Mr
704,"Hansen, Mr. Henrik Juul",Mr
705,"Morley, Mr. Henry Samuel (""Mr Henry Marshall"")",Mr
706,"Kelly, Mrs. Florence ""Fannie""",Mrs
707,"Calderhead, Mr. Edward Pennington",Mr
708,"Cleaver, Miss. Alice",Miss
709,"Moubarek, Master. Halim Gonios (""William George"")",Master
710,"Mayne, Mlle. Berthe Antonine (""Mrs de Villiers"")",Mlle
711,"Klaber, Mr. Herman",Mr
712,"Taylor, Mr. Elmer Zebley",Mr
713,"Larsson, Mr. August Viktor",Mr
714,"Greenberg, Mr. Samuel",Mr
715,"Soholt, Mr. Peter Andreas Lauritz Andersen",Mr
716,"Endres, Miss. Caroline Louise",Miss
717,"Troutt, Miss. Edwina Celia ""Winnie""",Miss
718,"McEvoy, Mr. Michael",Mr
719,"Johnson, Mr. Malkolm Joackim",Mr
720,"Harper, Miss. Annie Jessie ""Nina""",Miss
721,"Jensen, Mr. Svend Lauritz",Mr
722,"Gillespie, Mr. William Henry",Mr
723,"Hodges, Mr. Henry Price",Mr
724,"Chambers, Mr. Norman Campbell",Mr
725,"Oreskovic, Mr. Luka",Mr
726,"Renouf, Mrs. Peter Henry (Lillian Jefferys)",Mrs
727,"Mannion, Miss. Margareth",Miss
728,"Bryhl, Mr. Kurt Arnold Gottfrid",Mr
729,"Ilmakangas, Miss. Pieta Sofia",Miss
730,"Allen, Miss. Elisabeth Walton",Miss
731,"Hassan, Mr. Houssein G N",Mr
732,"Knight, Mr. Robert J",Mr
733,"Berriman, Mr. William John",Mr
734,"Troupiansky, Mr. Moses Aaron",Mr
735,"Williams, Mr. Leslie",Mr
736,"Ford, Mrs. Edward (Margaret Ann Watson)",Mrs
737,"Lesurer, Mr. Gustave J",Mr
738,"Ivanoff, Mr. Kanio",Mr
739,"Nankoff, Mr. Minko",Mr
740,"Hawksford, Mr. Walter James",Mr
741,"Cavendish, Mr. Tyrell William",Mr
742,"Ryerson, Miss. Susan Parker ""Suzette""",Miss
743,"McNamee, Mr. Neal",Mr
744,"Stranden, Mr. Juho",Mr
745,"Crosby, Capt. Edward Gifford",Capt
746,"Abbott, Mr. Rossmore Edward",Mr
747,"Sinkkonen, Miss. Anna",Miss
748,"Marvin, Mr. Daniel Warner",Mr
749,"Connaghton, Mr. Michael",Mr
750,"Wells, Miss. Joan",Miss
751,"Moor, Master. Meier",Master
752,"Vande Velde, Mr. Johannes Joseph",Mr
753,"Jonkoff, Mr. Lalio",Mr
754,"Herman, Mrs. Samuel (Jane Laver)",Mrs
755,"Hamalainen, Master. Viljo",Master
756,"Carlsson, Mr. August Sigfrid",Mr
757,"Bailey, Mr. Percy Andrew",Mr
758,"Theobald, Mr. Thomas Leonard",Mr
759,"Rothes, the Countess. of (Lucy Noel Martha Dyer-Edwards)",Countess
760,"Garfirth, Mr. John",Mr
761,"Nirva, Mr. Iisakki Antino Aijo",Mr
762,"Barah, Mr. Hanna Assi",Mr
763,"Carter, Mrs. William Ernest (Lucile Polk)",Mrs
764,"Eklund, Mr. Hans Linus",Mr
765,"Hogeboom, Mrs. John C (Anna Andrews)",Mrs
766,"Brewe, Dr. Arthur Jackson",Dr
767,"Mangan, Miss. Mary",Miss
768,"Moran, Mr. Daniel J",Mr
769,"Gronnestad, Mr. Daniel Danielsen",Mr
770,"Lievens, Mr. Rene Aime",Mr
771,"Jensen, Mr. Niels Peder",Mr
772,"Mack, Mrs. (Mary)",Mrs
773,"Elias, Mr. Dibo",Mr
774,"Hocking, Mrs. Elizabeth (Eliza Needs)",Mrs
775,"Myhrman, Mr. Pehr Fabian Oliver Malkolm",Mr
776,"Tobin, Mr. Roger",Mr
777,"Emanuel, Miss. Virginia Ethel",Miss
778,"Kilgannon, Mr. Thomas J",Mr
779,"Robert, Mrs. Edward Scott (Elisabeth Walton McMillan)",Mrs
780,"Ayoub, Miss. Banoura",Miss
781,"Dick, Mrs. Albert Adrian (Vera Gillespie)",Mrs
782,"Long, Mr. Milton Clyde",Mr
783,"Johnston, Mr. Andrew G",Mr
784,"Ali, Mr. William",Mr
785,"Harmer, Mr. Abraham (David Lishin)",Mr
786,"Sjoblom, Miss. Anna Sofia",Miss
787,"Rice, Master. George Hugh",Master
788,"Dean, Master. Bertram Vere",Master
789,"Guggenheim, Mr. Benjamin",Mr
790,"Keane, Mr. Andrew ""Andy""",Mr
791,"Gaskell, Mr. Alfred",Mr
792,"Sage, Miss. Stella Anna",Miss
793,"Hoyt, Mr. William Fisher",Mr
794,"Dantcheff, Mr. Ristiu",Mr
795,"Otter, Mr. Richard",Mr
796,"Leader, Dr. Alice (Farnham)",Dr
797,"Osman, Mrs. Mara",Mrs
798,"Ibrahim Shawah, Mr. Yousseff",Mr
799,"Van Impe, Mrs. Jean Baptiste (Rosalie Paula Govaert)",Mrs
800,"Ponesell, Mr. Martin",Mr
801,"Collyer, Mrs. Harvey (Charlotte Annie Tate)",Mrs
802,"Carter, Master. William Thornton II",Master
803,"Thomas, Master. Assad Alexander",Master
804,"Hedman, Mr. Oskar Arvid",Mr
805,"Johansson, Mr. Karl Johan",Mr
806,"Andrews, Mr. Thomas Jr",Mr
807,"Pettersson, Miss. Ellen Natalia",Miss
808,"Meyer, Mr. August",Mr
809,"Chambers, Mrs. Norman Campbell (Bertha Griggs)",Mrs
810,"Alexander, Mr. William",Mr
811,"Lester, Mr. James",Mr
812,"Slemen, Mr. Richard James",Mr
813,"Andersson, Miss. Ebba Iris Alfrida",Miss
814,"Tomlin, Mr. Ernest Portage",Mr
815,"Fry, Mr. Richard",Mr
816,"Heininen, Miss. Wendla Maria",Miss
817,"Mallet, Mr. Albert",Mr
818,"Holm, Mr. John Fredrik Alexander",Mr
819,"Skoog, Master. Karl Thorsten",Master
820,"Hays, Mrs. Charles Melville (Clara Jennings Gregg)",Mrs
821,"Lulic, Mr. Nikola",Mr
822,"Reuchlin, Jonkheer. John George",Jonkheer
823,"Moor, Mrs. (Beila)",Mrs
824,"Panula, Master. Urho Abraham",Master
825,"Flynn, Mr. John",Mr
826,"Lam, Mr. Len",Mr
827,"Mallet, Master. Andre",Master
828,"McCormack, Mr. Thomas Joseph",Mr
829,"Stone, Mrs. George Nelson (Martha Evelyn)",Mrs
830,"Yasbeck, Mrs. Antoni (Selini Alexander)",Mrs
831,"Richards, Master. George Sibley",Master
832,"Saad, Mr. Amin",Mr
833,"Augustsson, Mr. Albert",Mr
834,"Allum, Mr. Owen George",Mr
835,"Compton, Miss. Sara Rebecca",Miss
836,"Pasic, Mr. Jakob",Mr
837,"Sirota, Mr. Maurice",Mr
838,"Chip, Mr. Chang",Mr
839,"Marechal, Mr. Pierre",Mr
840,"Alhomaki, Mr. Ilmari Rudolf",Mr
841,"Mudd, Mr. Thomas Charles",Mr
842,"Serepeca, Miss. Augusta",Miss
843,"Lemberopolous, Mr. Peter L",Mr
844,"Culumovic, Mr. Jeso",Mr
845,"Abbing, Mr. Anthony",Mr
846,"Sage, Mr. Douglas Bullen",Mr
847,"Markoff, Mr. Marin",Mr
848,"Harper, Rev. John",Rev
849,"Goldenberg, Mrs. Samuel L (Edwiga Grabowska)",Mrs
850,"Andersson, Master. Sigvard Harald Elias",Master
851,"Svensson, Mr. Johan",Mr
852,"Boulos, Miss. Nourelain",Miss
853,"Lines, Miss. Mary Conover",Miss
854,"Carter, Mrs. Ernest Courtenay (Lilian Hughes)",Mrs
855,"Aks, Mrs. Sam (Leah Rosen)",Mrs
856,"Wick, Mrs. George Dennick (Mary Hitchcock)",Mrs
857,"Daly, Mr. Peter Denis ",Mr
858,"Baclini, Mrs. Solomon (Latifa Qurban)",Mrs
859,"Razi, Mr. Raihed",Mr
860,"Hansen, Mr. Claus Peter",Mr
861,"Giles, Mr. Frederick Edward",Mr
862,"Swift, Mrs. Frederick Joel (Margaret Welles Barron)",Mrs
863,"Sage, Miss. Dorothy Edith ""Dolly""",Miss
864,"Gill, Mr. John William",Mr
865,"Bystrom, Mrs. (Karolina)",Mrs
866,"Duran y More, Miss. Asuncion",Miss
867,"Roebling, Mr. Washington Augustus II",Mr
868,"van Melkebeke, Mr. Philemon",Mr
869,"Johnson, Master. Harold Theodor",Master
870,"Balkic, Mr. Cerin",Mr
871,"Beckwith, Mrs. Richard Leonard (Sallie Monypeny)",Mrs
872,"Carlsson, Mr. Frans Olof",Mr
873,"Vander Cruyssen, Mr. Victor",Mr
874,"Abelson, Mrs. Samuel (Hannah Wizosky)",Mrs
875,"Najib, Miss. Adele Kiamie ""Jane""",Miss
876,"Gustafsson, Mr. Alfred Ossian",Mr
877,"Petroff, Mr. Nedelio",Mr
878,"Laleff, Mr. Kristo",Mr
879,"Potter, Mrs. Thomas Jr (Lily Alexenia Wilson)",Mrs
880,"Shelley, Mrs. William (Imanita Parrish Hall)",Mrs
881,"Markun, Mr. Johann",Mr
882,"Dahlberg, Miss. Gerda Ulrika",Miss
883,"Banfield, Mr. Frederick James",Mr
884,"Sutehall, Mr. Henry Jr",Mr
885,"Rice, Mrs. William (Margaret Norton)",Mrs
886,"Montvila, Rev. Juozas",Rev
887,"Graham, Miss. Margaret Edith",Miss
888,"Johnston, Miss. Catherine Helen ""Carrie""",Miss
889,"Behr, Mr. Karl Howell",Mr
890,"Dooley, Mr. Patrick",Mr
